"File","Path","LineNum","Text","Priority","Category"
"candidate-edit.component.html","frontend\src\app\features\admin\candidate-edit\candidate-edit.component.html","1246","End date cannot be before start date.","HIGH","Label"
"candidate-register.component.html","frontend\src\app\features\admin\candidate-register\candidate-register.component.html","680","End date cannot be before start date.","HIGH","Label"
"candidate-edit.component.html","frontend\src\app\features\admin\candidate-edit\candidate-edit.component.html","1057","End date cannot be before start date.","HIGH","Label"
"candidate-register.component.html","frontend\src\app\features\admin\candidate-register\candidate-register.component.html","873","End date cannot be before start date.","HIGH","Label"
"candidate-register.component.html","frontend\src\app\features\admin\candidate-register\candidate-register.component.html","1110","Must include uppercase, lowercase, and a number.","HIGH","Label"
"candidate-register.component.html","frontend\src\app\features\admin\candidate-register\candidate-register.component.html","1288","All required before submission","HIGH","Validation"
"candidate-register.component.html","frontend\src\app\features\admin\candidate-register\candidate-register.component.html","509","At least one language is required.","HIGH","Validation"
"candidate-register.component.html","frontend\src\app\features\admin\candidate-register\candidate-register.component.html","454","At least one skill is required.","HIGH","Validation"
"candidate-register.component.html","frontend\src\app\features\admin\candidate-register\candidate-register.component.html","610","Company name is required.","HIGH","Validation"
"candidate-edit.component.html","frontend\src\app\features\admin\candidate-edit\candidate-edit.component.html","987","Company name is required.","HIGH","Validation"
"candidate-register.component.html","frontend\src\app\features\admin\candidate-register\candidate-register.component.html","989","Current city is required.","HIGH","Validation"
"candidate-edit.component.html","frontend\src\app\features\admin\candidate-edit\candidate-edit.component.html","889","Current city is required.","HIGH","Validation"
"candidate-register.component.html","frontend\src\app\features\admin\candidate-register\candidate-register.component.html","973","Current country is required.","HIGH","Validation"
"candidate-edit.component.html","frontend\src\app\features\admin\candidate-edit\candidate-edit.component.html","873","Current country is required.","HIGH","Validation"
"candidate-register.component.html","frontend\src\app\features\admin\candidate-register\candidate-register.component.html","802","Degree is required.","HIGH","Validation"
"candidate-edit.component.html","frontend\src\app\features\admin\candidate-edit\candidate-edit.component.html","1175","Degree is required.","HIGH","Validation"
"candidate-register.component.html","frontend\src\app\features\admin\candidate-register\candidate-register.component.html","1082","Email address is required.","HIGH","Validation"
"candidate-register.component.html","frontend\src\app\features\admin\candidate-register\candidate-register.component.html","293","Employment status is required.","HIGH","Validation"
"candidate-edit.component.html","frontend\src\app\features\admin\candidate-edit\candidate-edit.component.html","657","Employment status is required.","HIGH","Validation"
"candidate-register.component.html","frontend\src\app\features\admin\candidate-register\candidate-register.component.html","1039","Enable passport toggle above to make this required","HIGH","Validation"
"candidate-edit.component.html","frontend\src\app\features\admin\candidate-edit\candidate-edit.component.html","1188","Field of study is required.","HIGH","Validation"
"candidate-register.component.html","frontend\src\app\features\admin\candidate-register\candidate-register.component.html","815","Field of study is required.","HIGH","Validation"
"candidate-edit.component.html","frontend\src\app\features\admin\candidate-edit\candidate-edit.component.html","507","Gender is required.","HIGH","Validation"
"candidate-edit.component.html","frontend\src\app\features\admin\candidate-edit\candidate-edit.component.html","696","Industry is required.","HIGH","Validation"
"candidate-edit.component.html","frontend\src\app\features\admin\candidate-edit\candidate-edit.component.html","1162","Institution is required.","HIGH","Validation"
"candidate-register.component.html","frontend\src\app\features\admin\candidate-register\candidate-register.component.html","789","Institution is required.","HIGH","Validation"
"candidate-register.component.html","frontend\src\app\features\admin\candidate-register\candidate-register.component.html","618","Job title is required.","HIGH","Validation"
"candidate-edit.component.html","frontend\src\app\features\admin\candidate-edit\candidate-edit.component.html","995","Job title is required.","HIGH","Validation"
"candidate-edit.component.html","frontend\src\app\features\admin\candidate-edit\candidate-edit.component.html","670","Job title is required.","HIGH","Validation"
"candidate-edit.component.html","frontend\src\app\features\admin\candidate-edit\candidate-edit.component.html","831","Language name is required.","HIGH","Validation"
"candidate-register.component.html","frontend\src\app\features\admin\candidate-register\candidate-register.component.html","484","Language name is required.","HIGH","Validation"
"candidate-register.component.html","frontend\src\app\features\admin\candidate-register\candidate-register.component.html","700","Location is required.","HIGH","Validation"
"candidate-edit.component.html","frontend\src\app\features\admin\candidate-edit\candidate-edit.component.html","1077","Location is required.","HIGH","Validation"
"candidate-register.component.html","frontend\src\app\features\admin\candidate-register\candidate-register.component.html","828","Location is required.","HIGH","Validation"
"candidate-edit.component.html","frontend\src\app\features\admin\candidate-edit\candidate-edit.component.html","1201","Location is required.","HIGH","Validation"
"candidate-edit.component.html","frontend\src\app\features\admin\candidate-edit\candidate-edit.component.html","683","Occupation is required.","HIGH","Validation"
"candidate-register.component.html","frontend\src\app\features\admin\candidate-register\candidate-register.component.html","1029","Passport nationality is required.","HIGH","Validation"
"candidate-edit.component.html","frontend\src\app\features\admin\candidate-edit\candidate-edit.component.html","929","Passport nationality is required.","HIGH","Validation"
"candidate-register.component.html","frontend\src\app\features\admin\candidate-register\candidate-register.component.html","1106","Password is required.","HIGH","Validation"
"candidate-register.component.html","frontend\src\app\features\admin\candidate-register\candidate-register.component.html","429","Skill name is required.","HIGH","Validation"
"candidate-edit.component.html","frontend\src\app\features\admin\candidate-edit\candidate-edit.component.html","779","Skill name is required.","HIGH","Validation"
"candidate-register.component.html","frontend\src\app\features\admin\candidate-register\candidate-register.component.html","644","Start year is required.","HIGH","Validation"
"candidate-edit.component.html","frontend\src\app\features\admin\candidate-edit\candidate-edit.component.html","1021","Start year is required.","HIGH","Validation"
"candidate-edit.component.html","frontend\src\app\features\admin\candidate-edit\candidate-edit.component.html","1106","Add","MEDIUM","Label"
"candidate-edit.component.html","frontend\src\app\features\admin\candidate-edit\candidate-edit.component.html","1256","Add","MEDIUM","Label"
"candidate-edit.component.html","frontend\src\app\features\admin\candidate-edit\candidate-edit.component.html","294","Cancel","MEDIUM","Label"
"candidate-edit.component.html","frontend\src\app\features\admin\candidate-edit\candidate-edit.component.html","389","Cancel","MEDIUM","Label"
"candidate-register.component.html","frontend\src\app\features\admin\candidate-register\candidate-register.component.html","1144","Candidate Summary","MEDIUM","Label"
"candidate-register.component.html","frontend\src\app\features\admin\candidate-register\candidate-register.component.html","890","Certificates","MEDIUM","Label"
"candidate-register.component.html","frontend\src\app\features\admin\candidate-register\candidate-register.component.html","248","Click to upload photo","MEDIUM","Label"
"candidate-register.component.html","frontend\src\app\features\admin\candidate-register\candidate-register.component.html","550","Click to upload video","MEDIUM","Label"
"candidate-edit.component.html","frontend\src\app\features\admin\candidate-edit\candidate-edit.component.html","983","Company Name","MEDIUM","Label"
"candidate-register.component.html","frontend\src\app\features\admin\candidate-register\candidate-register.component.html","606","Company Name","MEDIUM","Label"
"candidate-register.component.html","frontend\src\app\features\admin\candidate-register\candidate-register.component.html","1287","Compliance Confirmations","MEDIUM","Label"
"candidate-edit.component.html","frontend\src\app\features\admin\candidate-edit\candidate-edit.component.html","1313","Confirm New Password","MEDIUM","Label"
"candidate-register.component.html","frontend\src\app\features\admin\candidate-register\candidate-register.component.html","980","Current City","MEDIUM","Label"
"candidate-edit.component.html","frontend\src\app\features\admin\candidate-edit\candidate-edit.component.html","880","Current City","MEDIUM","Label"
"candidate-edit.component.html","frontend\src\app\features\admin\candidate-edit\candidate-edit.component.html","864","Current Country of Residence","MEDIUM","Label"
"candidate-register.component.html","frontend\src\app\features\admin\candidate-register\candidate-register.component.html","964","Current Country of Residence","MEDIUM","Label"
"candidate-register.component.html","frontend\src\app\features\admin\candidate-register\candidate-register.component.html","380","CV Format","MEDIUM","Label"
"candidate-edit.component.html","frontend\src\app\features\admin\candidate-edit\candidate-edit.component.html","730","CV Format","MEDIUM","Label"
"candidate-edit.component.html","frontend\src\app\features\admin\candidate-edit\candidate-edit.component.html","480","Date of Birth","MEDIUM","Label"
"candidate-edit.component.html","frontend\src\app\features\admin\candidate-edit\candidate-edit.component.html","1166","Degree","MEDIUM","Label"
"candidate-register.component.html","frontend\src\app\features\admin\candidate-register\candidate-register.component.html","793","Degree","MEDIUM","Label"
"candidate-register.component.html","frontend\src\app\features\admin\candidate-register\candidate-register.component.html","704","Description","MEDIUM","Label"
"candidate-edit.component.html","frontend\src\app\features\admin\candidate-edit\candidate-edit.component.html","1081","Description","MEDIUM","Label"
"candidate-register.component.html","frontend\src\app\features\admin\candidate-register\candidate-register.component.html","832","Duration","MEDIUM","Label"
"candidate-edit.component.html","frontend\src\app\features\admin\candidate-edit\candidate-edit.component.html","999","Duration","MEDIUM","Label"
"candidate-register.component.html","frontend\src\app\features\admin\candidate-register\candidate-register.component.html","622","Duration","MEDIUM","Label"
"candidate-edit.component.html","frontend\src\app\features\admin\candidate-edit\candidate-edit.component.html","1205","Duration","MEDIUM","Label"
"candidate-register.component.html","frontend\src\app\features\admin\candidate-register\candidate-register.component.html","1223","Education","MEDIUM","Label"
"candidate-edit.component.html","frontend\src\app\features\admin\candidate-edit\candidate-edit.component.html","577","Email Address","MEDIUM","Label"
"candidate-register.component.html","frontend\src\app\features\admin\candidate-register\candidate-register.component.html","1075","Email Address","MEDIUM","Label"
"candidate-edit.component.html","frontend\src\app\features\admin\candidate-edit\candidate-edit.component.html","648","Employment Status","MEDIUM","Label"
"candidate-edit.component.html","frontend\src\app\features\admin\candidate-edit\candidate-edit.component.html","1052","End","MEDIUM","Label"
"candidate-register.component.html","frontend\src\app\features\admin\candidate-register\candidate-register.component.html","675","End","MEDIUM","Label"
"candidate-register.component.html","frontend\src\app\features\admin\candidate-register\candidate-register.component.html","1205","Experience","MEDIUM","Label"
"candidate-edit.component.html","frontend\src\app\features\admin\candidate-edit\candidate-edit.component.html","362","Expiry Date","MEDIUM","Label"
"candidate-edit.component.html","frontend\src\app\features\admin\candidate-edit\candidate-edit.component.html","282","Expiry Date","MEDIUM","Label"
"candidate-register.component.html","frontend\src\app\features\admin\candidate-register\candidate-register.component.html","928","Expiry Date","MEDIUM","Label"
"candidate-edit.component.html","frontend\src\app\features\admin\candidate-edit\candidate-edit.component.html","1179","Field of Study","MEDIUM","Label"
"candidate-register.component.html","frontend\src\app\features\admin\candidate-register\candidate-register.component.html","806","Field of Study","MEDIUM","Label"
"candidate-edit.component.html","frontend\src\app\features\admin\candidate-edit\candidate-edit.component.html","454","First Name","MEDIUM","Label"
"candidate-edit.component.html","frontend\src\app\features\admin\candidate-edit\candidate-edit.component.html","498","Gender","MEDIUM","Label"
"candidate-register.component.html","frontend\src\app\features\admin\candidate-register\candidate-register.component.html","684","I currently work here","MEDIUM","Label"
"candidate-edit.component.html","frontend\src\app\features\admin\candidate-edit\candidate-edit.component.html","1061","I currently work here","MEDIUM","Label"
"candidate-register.component.html","frontend\src\app\features\admin\candidate-register\candidate-register.component.html","1175","Industry","MEDIUM","Label"
"candidate-edit.component.html","frontend\src\app\features\admin\candidate-edit\candidate-edit.component.html","687","Industry","MEDIUM","Label"
"candidate-edit.component.html","frontend\src\app\features\admin\candidate-edit\candidate-edit.component.html","227","Intro Video","MEDIUM","Label"
"candidate-register.component.html","frontend\src\app\features\admin\candidate-register\candidate-register.component.html","923","Issue Date","MEDIUM","Label"
"candidate-edit.component.html","frontend\src\app\features\admin\candidate-edit\candidate-edit.component.html","357","Issue Date","MEDIUM","Label"
"candidate-edit.component.html","frontend\src\app\features\admin\candidate-edit\candidate-edit.component.html","278","Issue Date","MEDIUM","Label"
"candidate-edit.component.html","frontend\src\app\features\admin\candidate-edit\candidate-edit.component.html","352","Issuing Organisation","MEDIUM","Label"
"candidate-register.component.html","frontend\src\app\features\admin\candidate-register\candidate-register.component.html","918","Issuing Organisation","MEDIUM","Label"
"candidate-edit.component.html","frontend\src\app\features\admin\candidate-edit\candidate-edit.component.html","274","Issuing Organisation","MEDIUM","Label"
"candidate-edit.component.html","frontend\src\app\features\admin\candidate-edit\candidate-edit.component.html","661","Job Title","MEDIUM","Label"
"candidate-register.component.html","frontend\src\app\features\admin\candidate-register\candidate-register.component.html","614","Job Title","MEDIUM","Label"
"candidate-edit.component.html","frontend\src\app\features\admin\candidate-edit\candidate-edit.component.html","991","Job Title","MEDIUM","Label"
"candidate-register.component.html","frontend\src\app\features\admin\candidate-register\candidate-register.component.html","469","Language","MEDIUM","Label"
"candidate-edit.component.html","frontend\src\app\features\admin\candidate-edit\candidate-edit.component.html","816","Language","MEDIUM","Label"
"candidate-register.component.html","frontend\src\app\features\admin\candidate-register\candidate-register.component.html","461","Languages","MEDIUM","Label"
"candidate-edit.component.html","frontend\src\app\features\admin\candidate-edit\candidate-edit.component.html","467","Last Name","MEDIUM","Label"
"candidate-edit.component.html","frontend\src\app\features\admin\candidate-edit\candidate-edit.component.html","719","LinkedIn URL","MEDIUM","Label"
"candidate-register.component.html","frontend\src\app\features\admin\candidate-register\candidate-register.component.html","367","LinkedIn URL","MEDIUM","Label"
"candidate-register.component.html","frontend\src\app\features\admin\candidate-register\candidate-register.component.html","1186","Location","MEDIUM","Label"
"candidate-register.component.html","frontend\src\app\features\admin\candidate-register\candidate-register.component.html","691","Location","MEDIUM","Label"
"candidate-edit.component.html","frontend\src\app\features\admin\candidate-edit\candidate-edit.component.html","1068","Location","MEDIUM","Label"
"candidate-register.component.html","frontend\src\app\features\admin\candidate-register\candidate-register.component.html","819","Location","MEDIUM","Label"
"candidate-edit.component.html","frontend\src\app\features\admin\candidate-edit\candidate-edit.component.html","1192","Location","MEDIUM","Label"
"candidate-edit.component.html","frontend\src\app\features\admin\candidate-edit\candidate-edit.component.html","512","Marital Status","MEDIUM","Label"
"candidate-register.component.html","frontend\src\app\features\admin\candidate-register\candidate-register.component.html","913","Name","MEDIUM","Label"
"candidate-edit.component.html","frontend\src\app\features\admin\candidate-edit\candidate-edit.component.html","270","Name","MEDIUM","Label"
"candidate-edit.component.html","frontend\src\app\features\admin\candidate-edit\candidate-edit.component.html","347","Name","MEDIUM","Label"
"candidate-edit.component.html","frontend\src\app\features\admin\candidate-edit\candidate-edit.component.html","344","New Certificate","MEDIUM","Label"
"candidate-edit.component.html","frontend\src\app\features\admin\candidate-edit\candidate-edit.component.html","1295","New Password","MEDIUM","Label"
"candidate-edit.component.html","frontend\src\app\features\admin\candidate-edit\candidate-edit.component.html","335","No certificates","MEDIUM","Label"
"candidate-edit.component.html","frontend\src\app\features\admin\candidate-edit\candidate-edit.component.html","372","No Expiry","MEDIUM","Label"
"candidate-edit.component.html","frontend\src\app\features\admin\candidate-edit\candidate-edit.component.html","289","No Expiry","MEDIUM","Label"
"candidate-register.component.html","frontend\src\app\features\admin\candidate-register\candidate-register.component.html","937","No Expiry","MEDIUM","Label"
"candidate-edit.component.html","frontend\src\app\features\admin\candidate-edit\candidate-edit.component.html","200","No resume","MEDIUM","Label"
"candidate-edit.component.html","frontend\src\app\features\admin\candidate-edit\candidate-edit.component.html","235","No video","MEDIUM","Label"
"candidate-edit.component.html","frontend\src\app\features\admin\candidate-edit\candidate-edit.component.html","674","Occupation","MEDIUM","Label"
"candidate-edit.component.html","frontend\src\app\features\admin\candidate-edit\candidate-edit.component.html","911","Passport","MEDIUM","Label"
"candidate-register.component.html","frontend\src\app\features\admin\candidate-register\candidate-register.component.html","1011","Passport","MEDIUM","Label"
"candidate-register.component.html","frontend\src\app\features\admin\candidate-register\candidate-register.component.html","1032","Passport Nationality","MEDIUM","Label"
"candidate-register.component.html","frontend\src\app\features\admin\candidate-register\candidate-register.component.html","1020","Passport Nationality","MEDIUM","Label"
"candidate-edit.component.html","frontend\src\app\features\admin\candidate-edit\candidate-edit.component.html","920","Passport Nationality","MEDIUM","Label"
"candidate-edit.component.html","frontend\src\app\features\admin\candidate-edit\candidate-edit.component.html","932","Passport Nationality","MEDIUM","Label"
"candidate-edit.component.html","frontend\src\app\features\admin\candidate-edit\candidate-edit.component.html","433","PDF preview is not available inline.","MEDIUM","Label"
"candidate-edit.component.html","frontend\src\app\features\admin\candidate-edit\candidate-edit.component.html","219","Pending","MEDIUM","Label"
"candidate-edit.component.html","frontend\src\app\features\admin\candidate-edit\candidate-edit.component.html","184","Pending","MEDIUM","Label"
"candidate-edit.component.html","frontend\src\app\features\admin\candidate-edit\candidate-edit.component.html","522","Phone","MEDIUM","Label"
"candidate-register.component.html","frontend\src\app\features\admin\candidate-register\candidate-register.component.html","719","Please specify","MEDIUM","Label"
"candidate-edit.component.html","frontend\src\app\features\admin\candidate-edit\candidate-edit.component.html","749","Please specify","MEDIUM","Label"
"candidate-edit.component.html","frontend\src\app\features\admin\candidate-edit\candidate-edit.component.html","1096","Please specify","MEDIUM","Label"
"candidate-register.component.html","frontend\src\app\features\admin\candidate-register\candidate-register.component.html","401","Please specify","MEDIUM","Label"
"candidate-edit.component.html","frontend\src\app\features\admin\candidate-edit\candidate-edit.component.html","896","Postal Code","MEDIUM","Label"
"candidate-register.component.html","frontend\src\app\features\admin\candidate-register\candidate-register.component.html","996","Postal Code","MEDIUM","Label"
"candidate-edit.component.html","frontend\src\app\features\admin\candidate-edit\candidate-edit.component.html","904","Postal code is too long.","MEDIUM","Label"
"candidate-register.component.html","frontend\src\app\features\admin\candidate-register\candidate-register.component.html","1004","Postal code is too long.","MEDIUM","Label"
"candidate-register.component.html","frontend\src\app\features\admin\candidate-register\candidate-register.component.html","1059","Privacy Guarantee","MEDIUM","Label"
"candidate-register.component.html","frontend\src\app\features\admin\candidate-register\candidate-register.component.html","418","Proficiency","MEDIUM","Label"
"candidate-edit.component.html","frontend\src\app\features\admin\candidate-edit\candidate-edit.component.html","768","Proficiency","MEDIUM","Label"
"candidate-register.component.html","frontend\src\app\features\admin\candidate-register\candidate-register.component.html","470","Proficiency","MEDIUM","Label"
"candidate-edit.component.html","frontend\src\app\features\admin\candidate-edit\candidate-edit.component.html","817","Proficiency","MEDIUM","Label"
"candidate-register.component.html","frontend\src\app\features\admin\candidate-register\candidate-register.component.html","242","Profile Photo","MEDIUM","Label"
"candidate-edit.component.html","frontend\src\app\features\admin\candidate-edit\candidate-edit.component.html","612","Profile Status","MEDIUM","Label"
"candidate-register.component.html","frontend\src\app\features\admin\candidate-register\candidate-register.component.html","709","Reason for Leaving","MEDIUM","Label"
"candidate-edit.component.html","frontend\src\app\features\admin\candidate-edit\candidate-edit.component.html","1086","Reason for Leaving","MEDIUM","Label"
"candidate-edit.component.html","frontend\src\app\features\admin\candidate-edit\candidate-edit.component.html","621","Registration Fee Status","MEDIUM","Label"
"candidate-register.component.html","frontend\src\app\features\admin\candidate-register\candidate-register.component.html","1119","Registration Fee Status","MEDIUM","Label"
"candidate-edit.component.html","frontend\src\app\features\admin\candidate-edit\candidate-edit.component.html","293","Save","MEDIUM","Label"
"candidate-register.component.html","frontend\src\app\features\admin\candidate-register\candidate-register.component.html","991","Select a country first to load cities","MEDIUM","Label"
"candidate-edit.component.html","frontend\src\app\features\admin\candidate-edit\candidate-edit.component.html","891","Select a country first to load cities","MEDIUM","Label"
"candidate-register.component.html","frontend\src\app\features\admin\candidate-register\candidate-register.component.html","441","Select a proficiency level.","MEDIUM","Label"
"candidate-register.component.html","frontend\src\app\features\admin\candidate-register\candidate-register.component.html","496","Select a proficiency level.","MEDIUM","Label"
"candidate-edit.component.html","frontend\src\app\features\admin\candidate-edit\candidate-edit.component.html","791","Select a proficiency level.","MEDIUM","Label"
"candidate-edit.component.html","frontend\src\app\features\admin\candidate-edit\candidate-edit.component.html","843","Select a proficiency level.","MEDIUM","Label"
"candidate-register.component.html","frontend\src\app\features\admin\candidate-register\candidate-register.component.html","1051","Select multiple countries the candidate is open to work in","MEDIUM","Label"
"candidate-edit.component.html","frontend\src\app\features\admin\candidate-edit\candidate-edit.component.html","950","Select multiple countries you are open to work in","MEDIUM","Label"
"candidate-register.component.html","frontend\src\app\features\admin\candidate-register\candidate-register.component.html","544","Self-Introduction Video","MEDIUM","Label"
"candidate-register.component.html","frontend\src\app\features\admin\candidate-register\candidate-register.component.html","417","Skill Name","MEDIUM","Label"
"candidate-edit.component.html","frontend\src\app\features\admin\candidate-edit\candidate-edit.component.html","767","Skill Name","MEDIUM","Label"
"candidate-register.component.html","frontend\src\app\features\admin\candidate-register\candidate-register.component.html","409","Skills","MEDIUM","Label"
"candidate-register.component.html","frontend\src\app\features\admin\candidate-register\candidate-register.component.html","642","Start","MEDIUM","Label"
"candidate-edit.component.html","frontend\src\app\features\admin\candidate-edit\candidate-edit.component.html","1019","Start","MEDIUM","Label"
"candidate-register.component.html","frontend\src\app\features\admin\candidate-register\candidate-register.component.html","848","Start","MEDIUM","Label"
"candidate-edit.component.html","frontend\src\app\features\admin\candidate-edit\candidate-edit.component.html","1221","Start","MEDIUM","Label"
"candidate-register.component.html","frontend\src\app\features\admin\candidate-register\candidate-register.component.html","1045","Target Locations","MEDIUM","Label"
"candidate-edit.component.html","frontend\src\app\features\admin\candidate-edit\candidate-edit.component.html","944","Target Locations","MEDIUM","Label"
"candidate-register.component.html","frontend\src\app\features\admin\candidate-register\candidate-register.component.html","1091","Temporary Password","MEDIUM","Label"
"candidate-register.component.html","frontend\src\app\features\admin\candidate-register\candidate-register.component.html","1068","These credentials will be emailed to the candidate after registration.","MEDIUM","Label"
"candidate-edit.component.html","frontend\src\app\features\admin\candidate-edit\candidate-edit.component.html","544","WhatsApp","MEDIUM","Label"
"candidate-register.component.html","frontend\src\app\features\admin\candidate-register\candidate-register.component.html","975","Where the candidate is currently living","MEDIUM","Label"
"candidate-edit.component.html","frontend\src\app\features\admin\candidate-edit\candidate-edit.component.html","875","Where the candidate is currently living","MEDIUM","Label"
